accuracy_1,accuracy_2,accuracy_3,fold
0.6666666666666666,0.9166666666666666,0.8333333333333334,0
0.75,0.75,0.75,3
0.5,1,0.75,2
0.75,1,1,1
